,method,parameters,train_acc,test_acc
0,RF,TREE_NUM=1 ,0.9820359281437125,0.5087719298245614
1,SVM,C=1.0 WEIGHT=1.0 ,0.9640718562874252,0.9883040935672515
2,WSVM,C=1.0 WEIGHT=1.0 ,0.9640718562874252,0.9883040935672515
3,TSVM,C=1.0 Cl=1.0 ,0.9700598802395209,0.9941520467836257
